"Star_idx";"STAR";"Distance (Lightyears)";"STAR TEMPERATURE";"RELATIVE MASS";"relative radius";"relative luminosity";"STELLAR TYPE"
899;"Frazer";357.633;2514;0.2;0.39;0.03;"M:7:V"
379;"Braben's Frontier";616.108;2603;0.2;0.67;0.05;"M:6:V"
2436;"Sumy";291.709;5401;0.9;1.13;1.47;"G:2:V"
2139;"Rennes";545.482;5361;1;1.1;1.27;"G:5:V"
1173;"Ife";296.874;5243;0.9;1.09;0.82;"G:3:V"
142;"Annapolis";210.25;3987;0.8;0.76;NA;"K:3:V"
1346;"Kievanur";162.242;2434;0.1;0.47;0.04;"M:3:V"
1638;"Mazdru";334.621;2952;0.4;0.56;0.08;"M:5:V"
582;"Commonwealth Mining Outpost 26";366.003;3004;0.3;0.24;0.02;"M:2:V"
756;"Duran";300.32;2669;0.3;0.37;0.04;"M:3:V"
706;"Diass";308.861;2936;0.4;0.38;0.05;"M:4:V"
429;"Caerlaverock";490.109;2942;0.3;0.49;0.04;"M:2:V"
587;"Conquista";307.25;2706;0.1;0.62;0.05;"M:3:V"
2891;"Cogdell";540.747;2867;0.1;0.5;0.03;"M:2:V"
622;"Crestoblus";463.634;2886;0.2;0.7;0.03;"M:3:V"
382;"Branzoll";271.234;4292;0.6;0.84;0.48;"K:0:V"
939;"Garstedt";402.291;2924;0.2;0.45;0.08;"M:1:V"
398;"Broaddus";468.359;2868;0.2;0.37;0.05;"M:2:V"
105;"Altona";508.068;4010;0.5;0.8;0.4;"K:2:V"
1037;"Halfway";266.805;NA;0.2;0.12;0.01;"M:1:V"
1999;"Pavia";129.881;2828;0.4;0.57;NA;"M:5:V"
2747;"Westerhand";276.138;3796;0.5;0.93;0.25;"K:3:V"
1797;"Nara";416.671;3162;0.4;0.27;0.02;"M:2:V"
671;"De Berry";451.018;3994;0.5;0.8;0.26;"K:2:V"
1487;"Lhasa";188.792;2789;0.3;0.21;0.05;"M:2:V"
810;"Enzesfled";401.763;2704;0.1;0.33;0.08;"M:5:V"
2302;"Shenwan";241.813;2716;0.3;0.54;0.06;"M:4:V"
898;"Frankson";587.803;3027;0.3;0.35;0.07;"M:2:V"
1897;"Nouasseur";438.41;2792;0.4;0.56;0.08;"M:6:V"
2121;"Rasalas";177.601;2493;0.2;0.44;0.05;"M:8:V"
187;"Ascella";77.285;3530;0.2;0.63;0.05;"M:1:V"
2365;"Snailzar";103.581;4143;0.6;0.9;0.43;"K:5:V"
967;"Glenmora";290.236;2467;0.2;0.45;0.06;"M:5:V"
847;"Falsterbo";225.756;3310;0.2;0.42;0.01;"M:1:V"
974;"Goetville";371.411;2423;0.1;0.45;0.04;"M:6:V"
386;"Breed";199.413;2715;0.4;0.27;0.03;"M:6:V"
1674;"Menkalinan";70.618;2637;0.3;0.29;0.08;"M:1:V"
3035;"Theta Carinae Cluster";522.287;5604;1;0.99;0.95;"G:4:V"
436;"Caldarium";502.778;4046;0.7;0.88;NA;"K:2:V"
2690;"Vindemiatrix";103.82;2619;0.3;0.14;0.01;"M:3:V"
2739;"Weisau";400.274;3133;0.3;0.16;0.03;"M:3:V"
737;"Dowles";238.18;3923;0.7;0.9;0.53;"K:7:V"
971;"Gniezno";129.436;2504;0.1;0.23;0.06;"M:7:V"
1979;"Panpour";450.36;4337;0.5;0.79;0.16;"K:3:V"
829;"Euschelus";480.108;3239;0.4;0.2;0.01;"M:3:V"
2998;"Köln";1009.557;2472;0.4;0.7;0.07;"M:2:V"
1644;"McKellan";236.923;5442;0.9;1.13;1.38;"G:2:V"
1430;"Kwamashu";269.938;NA;0.4;0.13;0.06;"M:6:V"
238;"Bahl's Retreat";221.821;3099;0.4;0.24;0.04;"M:2:V"
2663;"Várri";549.157;2851;0.4;0.29;0.05;"M:5:V"
2490;"Taran's World";509.069;5556;0.9;1.07;1.1;"G:2:V"
1877;"Nirasaki";39.444;4657;0.5;0.91;0.33;"K:2:V"
1490;"Lima";241.842;2561;0.2;0.13;0.06;"M:2:V"
518;"Chandler";212.535;4625;0.7;0.7;0.55;"K:3:V"
266;"Basalt";72.239;3274;0.1;0.51;0.01;"M:2:V"
2433;"Summer";51.54;5449;1;0.97;1.01;"G:5:V"
2631;"Untran";423.854;3212;0.3;0.4;0.01;"M:3:V"
2188;"Rudolpho";556.476;3036;0.2;0.09;0.01;"M:3:V"
1277;"Kaifeng";168.386;2414;0.2;0.6;0.02;"M:4:V"
2056;"Potwin";308.246;3490;0.2;0.66;0.03;"M:1:V"
103;"Althea's Choice";510.154;3019;0.4;0.14;0.06;"M:2:V"
1974;"Palmyra";451.543;3721;0.6;0.75;0.27;"K:7:V"
1243;"Jeanette";429.198;3973;0.5;0.89;0.57;"K:7:V"
2241;"Sarkel";132.944;2976;0.4;0.08;0.02;"M:4:V"
1496;"Linneus";450.357;5735;1;1.12;NA;"G:2:V"
2177;"Rosendal";344.491;2753;0.1;0.62;0.07;"M:2:V"
424;"Bye's Ship";553.795;2634;0.3;0.26;0.01;"M:5:V"
2390;"St. Gall";115.273;5367;1;1.06;1.15;"G:4:V"
2292;"Shardayne";247.162;2782;0.4;0.51;0.02;"M:3:V"
903;"Frondas";248.377;3077;0.3;0.42;0.02;"M:1:V"
2942;"Gatekeeper";1779.517;2731;0.4;0.41;0.05;"M:4:V"
1884;"Nockatunga";294.042;3323;0.4;0.14;0.03;"M:1:V"
682;"Delitzsch";357.95;5740;0.9;NA;0.76;"G:2:V"
2187;"Ruchbah";61.744;4197;0.5;0.82;0.59;"K:6:V"
1199;"Ingress";53.015;4136;0.6;0.76;0.42;"K:6:V"
1678;"Menkib";149.445;5241;0.8;1.05;1.48;"G:5:V"
75;"Alkalurops";57.737;4093;0.6;0.78;0.29;"K:6:V"
2926;"Tyrrhenia";649.819;2767;0.3;0.13;0.06;"M:4:V"
1145;"Hsien";54.63;5492;0.8;0.98;0.71;"G:2:V"
1933;"Old Canton";472.077;3139;0.1;0.23;0.03;"M:2:V"
3017;"Attenbrooks";988.69;3109;0.4;0.12;0.02;"M:2:V"
893;"Ford";193.561;2523;0.4;0.45;0.01;"M:5:V"
1013;"Grunwald";225.298;4584;0.6;0.74;0.41;"K:3:V"
611;"Courchevel";357.664;3718;0.6;NA;0.57;"K:6:V"
1740;"Molino";479.669;4837;0.7;0.82;0.49;"K:2:V"
523;"Charity";411.035;2925;0.3;0.63;0.06;"M:5:V"
439;"Caledea";356.012;NA;0.1;0.39;0.07;"M:2:V"
1159;"Hustaing";251.749;5236;1;1.02;0.77;"G:4:V"
354;"Bodnath";303.338;2467;0.2;0.49;0.08;"M:8:V"
794;"Ellsworth";318.967;2497;0.3;0.32;0.05;"M:7:V"
916;"Gahral";213.84;2454;0.2;0.39;0.08;"M:2:V"
2439;"Sunnywood";405.398;2898;0.2;0.48;0.06;"M:5:V"
2174;"Ronel";95.676;2605;0.4;0.23;0.05;"M:0:V"
2303;"Sheratan";46.156;5484;0.8;1.06;NA;"G:4:V"
1641;"McComb";229.639;2485;0.2;0.36;0.03;"M:5:V"
2299;"Shawnee";556.766;2621;0.1;0.12;0.05;"M:7:V"
2923;"Sonnia";130.475;2566;0.4;0.22;0.05;"M:5:V"
433;"Cajamarca";292.741;2712;0.4;0.23;0.03;"M:4:V"
423;"Butzfleth";389.109;3074;0.4;0.22;0.03;"M:1:V"
2462;"Tabayama";469.509;5421;0.9;1.03;1.34;"G:3:V"
856;"Fefferfer";203.944;2660;0.4;0.29;0.04;"M:6:V"
1378;"Kluane";279.713;3896;0.8;0.71;NA;"K:0:V"
1103;"Hè-shì";359.722;3890;0.5;0.83;0.28;"K:3:V"
1690;"Mesa Verde";179.476;4826;0.7;0.74;0.37;"K:2:V"
1635;"Mayenne";598.071;2446;0.3;NA;0.01;"M:2:V"
690;"Denebola";37.878;2463;0.2;0.49;0.07;"M:8:V"
1839;"New Macao";144.856;2842;0.1;0.16;0.03;"M:5:V"
1915;"Nykvarn";407.808;3009;0.4;0.62;0.06;"M:4:V"
1545;"Lyndon";233.938;2600;0.3;0.08;0.02;"M:5:V"
2859;"Astrokaszy";428.893;3747;0.5;0.91;0.23;"K:0:V"
3082;"New Sierra";829.763;2837;0.4;0.69;0.02;"M:3:V"
2554;"Tiruppur";346.676;4530;0.7;0.77;0.27;"K:4:V"
520;"Chapineria";488.922;2479;0.2;0.7;0.03;"M:5:V"
2150;"Rhodos";222.587;2990;0.1;0.39;0.06;"M:4:V"
2687;"Vikindu";289.802;4308;0.7;0.75;0.34;"K:3:V"
2107;"Raetia";625.433;3967;0.7;0.93;0.23;"K:0:V"
2883;"Argos";515.823;2816;0.2;0.58;0.06;"M:2:V"
1606;"Marfik";105.768;4714;0.5;0.86;0.31;"K:2:V"
1817;"New Bergen";403.412;2646;0.1;0.63;0.05;"M:3:V"
1735;"Mogabouti";530.728;2440;0.1;0.59;0.07;"M:3:V"
2409;"Sterlington";526.959;5299;1;1.05;1.1;"G:4:V"
763;"Eaglesham";138.701;2453;0.3;0.59;0.05;"M:5:V"
1619;"Marshdale";368.265;3421;0.4;NA;0.06;"M:0:V"
1019;"Gunthar";385.132;3726;0.6;0.76;0.31;"K:7:V"
1551;"Machida";402.127;2419;0.1;0.51;0.06;"M:1:V"
1686;"Merope";387.431;2764;0.4;0.69;0.02;"M:6:V"
2380;"Soul";469.4;2560;0.3;0.12;0.07;"M:4:V"
1833;"New Hessen";101.586;2735;0.1;0.69;0.05;"M:3:V"
304;"Bentley";233.865;2418;0.2;0.69;0.03;"M:0:V"
206;"Atzenbrugg";416.882;3967;0.5;0.7;0.31;"K:2:V"
1195;"Indrapurai";567.628;4428;0.5;0.84;0.29;"K:2:V"
1291;"Kanowit";256.791;2900;0.3;0.43;0.04;"M:5:V"
2510;"Tellman's Mistake";394.825;2547;0.2;0.43;0.01;"M:6:V"
663;"Dar-es-Salaam";195.326;NA;0.3;0.45;0.01;"M:1:V"
2397;"Stantsiya";393.387;2487;0.4;0.54;0.01;"M:8:V"
162;"Aquileia";92.735;2706;0.4;0.27;0.05;"M:4:V"
3161;"Gaucin";523.184;2779;0.3;0.66;0.04;"M:3:V"
2255;"Scarborough";272.458;2569;0.3;0.41;0.08;"M:1:V"
123;"Anaea";182.557;3170;0.3;0.41;0.03;"M:3:V"
958;"Girondas";448.547;5298;0.9;1.14;0.77;"G:2:V"
342;"Blandou";305.857;2509;0.2;0.6;0.01;"M:5:V"
2875;"Paulinus";544.507;3865;0.6;0.9;0.37;"K:7:V"
1772;"Muphrid";31.339;4509;0.6;0.8;0.23;"K:1:V"
1508;"Logan's Land";481.64;2840;0.2;0.17;0.01;"M:4:V"
897;"Franklin";250.969;2431;0.2;0.17;0.01;"M:3:V"
2278;"Sendalor";270.418;5782;1;1.02;1.13;"G:2:V"
3078;"Drachenfeld";1187.328;2539;0.1;0.12;0.03;"M:8:V"
3159;"Ahlat";548.611;3870;0.6;0.78;0.32;"K:6:V"
931;"Gamlestolen";610.047;NA;0.9;1.13;1.06;"G:2:V"
2411;"Sterope";484.401;2558;0.2;0.23;0.01;"M:7:V"
2426;"Styriania";600.957;3809;0.6;0.89;0.57;"K:7:V"
2542;"Tiber";192.517;2410;0.4;0.69;0.07;"M:5:V"
1511;"Lokoja";576.824;3834;0.5;0.95;0.18;"K:7:V"
251;"Bandora";177.856;4080;0.6;0.7;0.4;"K:6:V"
1255;"Jodipur";475.603;3773;0.6;0.94;0.33;"K:5:V"
2045;"Pojos";386.641;2882;0.2;0.45;0.01;"M:4:V"
535;"Chesterton";135.698;5418;1;0.99;1.5;"G:5:V"
116;"Ambrose";483.665;2534;0.1;0.29;0.08;"M:4:V"
807;"Enkoping";171.594;NA;0.3;0.5;0.06;"M:2:V"
148;"Antietam";358.112;3766;0.8;0.92;0.48;"K:2:V"
1096;"Here";469.486;2451;0.4;0.08;0.07;"M:6:V"
2332;"Sighisoara";385.029;5269;0.9;1.11;1.42;"G:2:V"
1124;"Hollabrunn";210.99;2429;0.3;0.59;0.05;"M:3:V"
3107;"Chaffee";1779.52;2996;0.4;0.23;0.01;"M:2:V"
111;"Alyina";366.636;2499;0.4;0.61;0.03;"M:3:V"
1563;"Mahone";385.404;3144;0.1;0.64;0.07;"M:3:V"
1618;"Marsalle";334.917;3859;0.7;0.92;0.52;"K:5:V"
2305;"Sherwood";576.109;3797;0.6;0.92;0.39;"K:7:V"
1547;"Lyreton";424.809;3147;0.4;0.14;0.03;"M:2:V"
1922;"Odessa";221.364;2826;0.4;0.25;0.05;"M:5:V"
1021;"Gurnet";249.28;2453;0.4;0.45;0.06;"M:6:V"
161;"Aquavita";302.529;4844;0.8;0.74;0.32;"K:2:V"
2222;"Salvende";698.133;3221;0.3;0.58;0.03;"M:1:V"
1169;"Ichmandu";531.714;2817;0.3;0.54;0.06;"M:5:V"
302;"Benjamin";182.944;2731;0.3;0.55;0.05;"M:2:V"
629;"Cryfder";517.129;3367;0.4;0.61;0.01;"M:1:V"
1798;"Narellan";305.878;4168;0.5;0.83;0.15;"K:6:V"
2991;"Falsterbo";1143.813;2687;0.1;0.08;0.04;"M:4:V"
562;"Cirebon";301.512;2462;0.4;NA;0.07;"M:5:V"
650;"Dalian";273.422;5618;1;1.05;1.48;"G:4:V"
213;"Aur";199.01;4043;0.6;0.77;0.42;"K:2:V"
1412;"Krenice";237.188;3521;0.3;0.42;0.05;"M:1:V"
1250;"Jesup";514.985;3161;0.2;0.42;0.08;"M:3:V"
2296;"Shaul Khala";256.784;3031;0.2;0.1;0.06;"M:3:V"
1768;"Mualang";282.634;5465;1;1.07;0.88;"G:5:V"
3087;"Rover";849.002;3097;0.4;0.29;0.03;"M:4:V"
2248;"Saumur";384.058;5444;1;1.08;1.31;"G:2:V"
555;"Chukchi";202.057;4145;0.6;0.76;0.18;"K:3:V"
1745;"Monongahela";233.826;3977;0.8;0.79;0.26;"K:5:V"
1845;"New Rhodes";103.576;2955;0.4;0.21;0.06;"M:3:V"
1339;"Keytesville";376.33;4515;0.7;0.91;0.11;"K:2:V"
748;"Dubhe";72.383;2634;0.3;0.41;0.02;"M:5:V"
3027;"Ramsey";1102.144;2937;0.3;0.59;0.04;"M:4:V"
2889;"Celano";582.257;3852;0.5;0.78;0.42;"K:3:V"
1111;"Hillerod";191.249;3735;0.5;0.72;0.58;"K:2:V"
574;"Cole Harbour";316.492;4735;0.7;0.71;0.35;"K:1:V"
1657;"Megiddo";613.31;3751;0.7;0.89;0.24;"K:6:V"
2467;"Talcott";235.078;2426;0.2;0.33;0.06;"M:3:V"
614;"Covington";390.202;3013;0.2;0.66;0.01;"M:1:V"
250;"Ban Na San";422.107;3028;0.2;0.12;0.03;"M:3:V"
3089;"Star Cluster 1108";1988.435;2966;0.3;0.59;0.04;"M:5:V"
371;"Borka";330.52;3292;0.1;0.34;0.07;"M:2:V"
310;"Bessarabia";277.985;5408;1;1.1;0.83;"G:4:V"
1289;"Kandis";322.107;3793;0.5;0.74;0.28;"K:5:V"
1226;"Jabuka";221.254;2959;0.3;0.39;0.06;"M:5:V"
2034;"Piriapolis";371.71;4403;0.6;0.77;0.18;"K:2:V"
101;"Alterf";256.113;3793;0.7;0.96;0.4;"K:3:V"
2540;"Thurrock";389.33;2549;0.4;0.68;0.06;"M:3:V"
1700;"Midthun";391.18;4314;0.6;0.92;0.58;"K:1:V"
1401;"Koskenkorva";520.55;2432;0.4;0.43;0.07;"M:0:V"
2029;"Pilon";803.701;2918;0.4;0.28;0.06;"M:3:V"
905;"Fuentes";162.61;4275;0.6;0.75;0.48;"K:5:V"
1684;"Merlynpede";485.245;2780;0.4;0.47;0.04;"M:5:V"
875;"Firenze";423.608;5456;1;0.98;0.65;"G:5:V"
2700;"Volders";292.777;3179;0.3;0.57;0.05;"M:3:V"
2561;"Tok Do";202.554;3033;0.2;0.43;0.03;"M:4:V"
1680;"Merak";134.73;2752;0.4;0.4;0.04;"M:6:V"
1223;"Izar";114.389;2936;0.4;0.56;0.04;"M:3:V"
1761;"Morrigan";340.803;2799;0.4;0.56;0.04;"M:3:V"
503;"Celentaro";487.178;3853;0.6;0.87;0.09;"K:2:V"
598;"Corey";137.904;2471;0.2;0.52;0.04;"M:8:V"
644;"Czarvowo";323.377;2962;0.2;0.44;0.03;"M:5:V"
600;"Coriscana";217.338;2491;0.3;0.56;0.08;"M:2:V"
2373;"Somerset";454.587;3724;0.5;0.77;0.54;"K:7:V"
2450;"Swales";304.372;2525;0.3;0.63;0.02;"M:5:V"
1611;"Marisura";481.775;2960;0.3;0.36;0.04;"M:3:V"
219;"Avigait";314.788;3462;0.3;0.64;0.04;"M:0:V"
1455;"Langhorne";486.118;2802;0.3;0.69;0.05;"M:5:V"
825;"Estuan";501.303;2821;0.3;0.62;0.04;"M:3:V"
1956;"Otho";192.944;2442;0.2;0.51;0.05;"M:6:V"
1577;"Mallory's World";111.558;NA;0.3;0.49;0.02;"M:5:V"
753;"Dunkerque";336.109;5372;0.9;1.12;0.81;"G:2:V"
1144;"Hrafn";660.835;2650;0.3;0.3;0.03;"M:4:V"
1288;"Matahari";257.944;2577;0.2;0.39;0.04;"M:0:V"
1442;"Lackland";573.445;3818;0.6;0.75;NA;"K:3:V"
2532;"Thibodaux";576.214;4513;0.6;0.73;0.31;"K:3:V"
1081;"Helbrent";427.121;2940;0.3;0.11;NA;"M:0:V"
392;"Brihuega";528.107;2497;0.4;0.17;0.04;"M:3:V"
2890;"Charleston";565.271;4633;0.7;0.77;0.44;"K:1:V"
2814;"Zanbasa";557.47;4640;0.7;0.7;0.47;"K:3:V"
3043;"Waystation 531";1540.049;2748;0.4;0.37;0.03;"M:6:V"
1682;"Merdal";401.368;3944;0.5;0.7;0.57;"K:2:V"
2127;"Redondo";502.369;2774;0.3;0.62;0.01;"M:5:V"
1076;"Hechnar";31.041;4141;0.5;0.81;0.42;"K:6:V"
3114;"Knechee";1888.354;5491;1;1.02;1.23;"G:2:V"
323;"Bicester";272.122;2851;0.1;0.45;0.06;"M:3:V"
1017;"Guldra";475.138;3758;0.7;0.81;0.56;"K:7:V"
225;"Axton";170.277;3925;0.8;0.81;0.28;"K:4:V"
2852;"Zwenkau";233.922;3345;0.2;0.26;0.05;"M:2:V"
211;"Augustine";88.379;2704;0.2;0.67;0.03;"M:3:V"
46;"Aix-la-Chapelle";179.764;2931;0.4;0.31;0.05;"M:4:V"
1301;"Kashilla";201.159;3747;0.7;NA;0.2;"K:1:V"
630;"Csesztreg";397.4;3032;0.4;0.21;0.06;"M:2:V"
3162;"Peratallada";524.828;2849;0.3;0.31;NA;"M:5:V"
255;"Banori";509.596;3922;0.6;0.93;0.43;"K:5:V"
793;"Ellijay";334.123;2863;0.3;0.7;0.02;"M:2:V"
994;"Grankum";640.99;3301;0.4;0.67;0.06;"M:1:V"
1571;"Malaga";577.046;2983;0.1;0.1;0.07;"M:4:V"
355;"Boeotia";210.767;3795;0.5;0.73;0.47;"K:2:V"
1581;"Mandal";56.662;2524;0.4;0.66;0.01;"M:6:V"
42;"Agmond";419.991;4842;0.6;0.74;0.36;"K:1:V"
1787;"Nahoni";316.006;5519;0.9;1.08;0.67;"G:2:V"
2707;"Vulture's Nest";481.93;2530;0.2;0.65;0.06;"M:7:V"
1853;"New Sumatra";153.524;3940;0.6;NA;0.51;"K:7:V"
2632;"Unukalhai";83.703;2986;0.2;0.6;0.02;"M:3:V"
2141;"Renown";400.062;5488;1;1.02;1.07;"G:5:V"
2997;"Kampen";1170.539;2749;0.2;0.32;0.06;"M:4:V"
1155;"Huntington";437.327;2722;0.2;0.43;0.06;"M:2:V"
216;"Autumn Wind";188.951;4608;0.5;0.85;NA;"K:2:V"
768;"Echo";468.229;2439;0.4;0.12;0.07;"M:8:V"
1409;"Kowloon";469.383;2593;0.2;0.64;0.07;"M:1:V"
437;"Caldrea";196.249;5579;0.8;1.1;0.66;"G:4:V"
2282;"Serenity";556.611;4160;0.7;0.75;0.18;"K:5:V"
2098;"Quimper";449.443;4589;0.6;0.7;0.45;"K:2:V"
890;"Fomalhaut";21.609;3295;0.3;0.49;0.04;"M:2:V"
1191;"Inarcs";448.404;NA;0.4;0.39;0.07;"M:8:V"
1403;"Kostinbrod";406.765;NA;0.9;0.98;0.98;"G:4:V"
2074;"Promised Land";312.796;3729;0.8;0.71;0.35;"K:5:V"
2874;"New Venice";556.301;3139;0.1;0.55;0.02;"M:1:V"
1053;"Harbin";223.956;4583;0.7;0.77;0.21;"K:0:V"
2601;"Turin";368.468;2587;0.4;0.27;0.06;"M:3:V"
1842;"New Oslo";386.446;5499;0.8;0.99;0.68;"G:2:V"
2083;"Qalzi";465.835;3256;0.4;0.61;0.01;"M:2:V"
2016;"Persistence";419.969;5405;0.9;0.97;0.8;"G:4:V"
902;"Freisland";263.241;3798;0.7;0.84;0.14;"K:3:V"
1578;"Manapire";304.311;3894;0.8;0.83;0.59;"K:6:V"
616;"Cranston";397.625;NA;0.3;0.46;0.04;"M:7:V"
3056;"Landrum";1265.21;2420;0.2;0.65;0.06;"M:8:V"
491;"Cassias";327.554;3069;0.3;0.53;0.07;"M:3:V"
1938;"Olindo";519.3;NA;0.2;0.45;0.04;"M:7:V"
1353;"Kilmarnock";314.692;3649;0.3;0.27;0.08;"M:0:V"
3030;"St. Jean";1163.98;3253;0.3;0.59;0.02;"M:3:V"
1065;"Hassi R'mel";401.407;3828;0.7;0.87;0.21;"K:5:V"
2371;"Solaris";122.518;2730;0.4;0.45;0.01;"M:5:V"
845;"Fallry";655.573;2871;0.4;0.42;0.07;"M:3:V"
2668;"Velhas";287.136;5455;0.8;1.02;1.28;"G:3:V"
312;"Beta Mensae";342.469;3314;0.4;NA;0.06;"M:2:V"
1139;"Hot Springs";405.421;3024;0.3;0.27;0.05;"M:1:V"
1523;"Lovinac";391.369;2677;0.3;0.6;0.03;"M:1:V"
2210;"Sakhalin";154.566;4193;0.7;0.73;0.5;"K:5:V"
1521;"Lothan";220.925;2430;0.4;0.08;0.04;"M:4:V"
883;"Fletcher's Feast";712.005;4523;0.8;0.8;0.57;"K:4:V"
1411;"Kreller";357.934;2941;0.3;0.49;0.01;"M:3:V"
2794;"Yàn-huì";279.245;3240;0.3;0.21;0.01;"M:2:V"
2128;"Reese Station";338.807;2539;0.2;0.16;0.02;"M:8:V"
532;"Chennai";374.326;3037;0.2;0.15;0.06;"M:2:V"
2513;"Teng";300.501;4580;0.5;0.87;0.19;"K:2:V"
1433;"Kyeinnisan";181.145;3099;0.3;0.54;0.07;"M:1:V"
1079;"Heidelburg";590.922;2973;0.1;0.57;0.03;"M:2:V"
1109;"Highspire";155.765;3126;0.1;0.39;0.04;"M:3:V"
428;"Cadiz";192.656;3109;0.2;0.24;0.04;"M:4:V"
2432;"Sullivan";414.234;3370;0.4;0.33;0.05;"M:1:V"
1722;"Mishkadrill";517.048;2484;0.4;0.42;0.03;"M:3:V"
3044;"Wolf Orbital 82";691.654;5449;1;1.01;0.67;"G:5:V"
2000;"Payia";408.009;NA;0.3;0.62;0.06;"M:2:V"
2215;"Salem";262.141;2961;0.4;0.41;0.04;"M:2:V"
2655;"Vandalia";482.258;5460;0.9;1.04;1.19;"G:5:V"
265;"Baryshevo";422.225;2580;0.4;NA;0.08;"M:2:V"
166;"Arc-Royal";283.494;5315;1;1.03;1.26;"G:2:V"
1270;"Jungar Qi";282.323;3176;0.3;0.33;0.07;"M:3:V"
2455;"Symington";152.749;4207;0.7;0.85;0.45;"K:5:V"
1295;"Karakiraz";364.621;4245;0.7;0.73;0.15;"K:4:V"
2015;"Perrot";271.523;2783;0.4;0.57;0.02;"M:5:V"
2753;"Wheel";266.662;2974;0.3;0.6;0.05;"M:2:V"
3144;"Amnesty";431.486;2755;0.2;0.28;0.05;"M:3:V"
1009;"Grossbach";480.268;2531;0.4;0.1;0.07;"M:0:V"
483;"Carse";239.579;3810;0.6;0.82;0.36;"K:5:V"
1022;"Gurrnazovo";487.04;2515;0.3;0.28;0.02;"M:4:V"
2782;"Wynn's Roost";667.613;4658;0.7;0.85;0.25;"K:0:V"
1949;"Orkney";239.9;3846;0.6;0.8;0.33;"K:7:V"
2686;"Vihtijarvi";383.541;2607;0.3;0.38;0.04;"M:0:V"
597;"Corella";288.729;3238;0.2;0.14;0.07;"M:2:V"
2525;"Thannhausen";292.173;4686;0.5;0.91;0.12;"K:0:V"
2640;"Vaajakoski";197.836;3143;0.1;0.35;0.06;"M:3:V"
1542;"Luzerne";373.112;3263;0.4;0.49;0.06;"M:2:V"
693;"Derf";415.791;5499;0.9;1.11;1.22;"G:4:V"
2063;"Pressby";215.809;4389;0.7;0.9;0.36;"K:2:V"
1901;"Novaya Zemlya";257.388;3775;0.8;0.9;0.2;"K:5:V"
647;"Dahar";280.144;3899;0.5;0.81;0.2;"K:5:V"
2309;"Shimoda";373.881;4314;0.8;0.88;0.3;"K:2:V"
314;"Betelgeuse";306.955;3261;0.2;0.4;0.01;"M:1:V"
1074;"Heathville";518.04;2631;0.4;0.6;0.07;"M:0:V"
3055;"Kazlam";1632.489;4052;0.5;0.96;0.11;"K:2:V"
639;"Custozza";650.251;5320;0.8;1.02;1.16;"G:5:V"
1495;"Linhauiguan";426.015;2544;0.1;0.68;0.02;"M:7:V"
1163;"Hyner";386.358;2598;0.1;0.51;0.05;"M:2:V"
335;"Bjarred";475.666;3172;0.4;0.39;0.02;"M:3:V"
1421;"Kumqwat";307.86;2863;0.1;0.31;0.04;"M:2:V"
1005;"Griffith";342.403;3969;0.7;0.84;0.22;"K:5:V"
170;"Arganda";158.986;2537;0.4;0.46;0.04;"M:7:V"
2918;"Porthos";484.398;2824;0.2;0.66;0.08;"M:2:V"
550;"Chorley";504.98;2532;0.2;NA;0.02;"M:7:V"
1733;"Mkuranga";355.783;3367;0.3;0.54;0.02;"M:1:V"
1634;"Maxwell";393.956;2411;0.3;0.09;0.01;"M:4:V"
2520;"Tetski";491.614;4159;0.7;0.71;0.27;"K:2:V"
1107;"Hibuarius";412.56;2692;0.4;0.25;0.06;"M:2:V"
92;"Alrescha";97.906;2792;0.3;0.51;NA;"M:0:V"
729;"Domeyko";717.551;2567;0.4;0.6;0.01;"M:5:V"
68;"Algedi";115.663;2566;0.2;0.22;0.02;"M:6:V"
655;"Damian";465.041;2625;0.3;0.65;0.01;"M:4:V"
3037;"Transfer Station J239H2";635.105;3817;0.7;0.84;0.46;"K:6:V"
1888;"Non Diz";397.259;4168;0.5;0.85;0.37;"K:0:V"
534;"Chertan";76.311;3187;0.2;0.22;0.04;"M:3:V"
481;"Carnac";235.037;NA;0.8;0.82;0.53;"K:3:V"
3168;"Glory";1229.239;4657;0.8;0.77;0.54;"K:3:V"
2342;"Simpson Desert";289.177;2410;0.4;0.39;0.04;"M:8:V"
346;"Blue Hole";395.479;3771;0.6;0.81;0.22;"K:7:V"
1552;"Macintosh";445.81;4198;0.6;0.95;0.58;"K:2:V"
1120;"Hódmezovásárhely";240.135;4212;0.7;0.73;0.51;"K:5:V"
1225;"Jaboatao";525.95;4609;0.6;0.95;0.14;"K:2:V"
533;"Cheriton";409.696;2872;0.1;0.69;0.02;"M:3:V"
2802;"Yorii";22.621;NA;0.7;0.74;0.46;"K:5:V"
1736;"Mogyorod";433.593;2507;0.4;0.4;0.05;"M:7:V"
466;"Caph";12.929;3384;0.2;0.3;0.01;"M:2:V"
2329;"Sidon";500.214;3871;0.7;0.82;0.11;"K:5:V"
1056;"Harloc";228.315;4067;0.8;0.85;0.27;"K:3:V"
722;"Dirk's Gulf";271.335;2825;0.3;0.62;0.08;"M:4:V"
2515;"Teniente";359.19;2509;0.2;0.16;0.06;"M:3:V"
460;"Candiear";466.233;5467;1;0.99;1.32;"G:5:V"
181;"Arn";421.04;4556;0.8;0.94;0.14;"K:2:V"
1540;"Luxani";497.15;3527;0.4;0.27;0.03;"M:1:V"
1371;"Kiyev";193.019;2682;0.2;0.62;0.04;"M:2:V"
409;"Brusett";409.833;2698;0.4;0.43;0.01;"M:3:V"
659;"Danli";721.219;3053;0.2;0.3;0.06;"M:1:V"
991;"Gran";342.166;2618;0.1;0.68;0.06;"M:4:V"
2040;"Pliska";81.47;2417;0.1;0.39;0.03;"M:1:V"
2209;"Sakai";233.195;2906;0.4;0.31;0.03;"M:4:V"
2625;"Umgard";437.137;2461;0.2;0.27;0.04;"M:8:V"
1765;"Mosiro";288.201;2867;0.3;0.46;0.06;"M:3:V"
2602;"Turinge";187.538;4301;0.6;0.74;0.3;"K:2:V"
1146;"Huaide";473.488;2873;0.2;0.54;0.02;"M:4:V"
1717;"Miquelon";414.989;2728;0.4;0.27;0.06;"M:4:V"
1462;"Last Frontier";396.168;4382;0.6;0.74;0.49;"K:3:V"
1197;"Ingersoll";172.288;3793;0.5;0.86;0.27;"K:0:V"
3141;"Juniper";132.106;3772;0.7;0.74;0.4;"K:5:V"
2354;"Skondia";63.99;3018;0.3;0.59;0.02;"M:2:V"
71;"Algot";119.228;3502;0.3;0.08;0.03;"M:0:V"
2360;"Small World";52.168;2868;0.3;0.11;0.05;"M:1:V"
1171;"Ideyld";223.766;5818;1;1.13;1.42;"G:2:V"
2179;"Rosetta";515.238;2677;0.4;0.35;0.08;"M:3:V"
217;"Avawatz";167.53;4665;0.6;0.88;0.44;"K:2:V"
1944;"Orbisonia";215.934;2466;0.4;0.09;0.04;"M:3:V"
2979;"Navarre";1351.008;2888;0.1;0.34;0.05;"M:3:V"
1951;"Ormstown";479.676;3346;0.4;0.67;0.08;"M:1:V"
2091;"Quelimane";605.68;4429;0.7;0.74;0.16;"K:2:V"
3119;"Nebula D77";1947.238;3095;0.2;0.58;0.07;"M:3:V"
3033;"Star Cluster P24";1572.035;2707;0.3;0.12;0.03;"M:5:V"
3032;"Star Cluster P12";1309.703;5366;1;1.1;1.44;"G:2:V"
337;"Black Earth";433.006;2529;0.4;0.22;NA;"M:8:V"
990;"Gram";154.313;2401;0.3;0.11;0.06;"M:8:V"
2260;"Schiedam";359.472;3906;0.8;0.94;0.34;"K:4:V"
1548;"Lywick";552.55;2670;0.1;0.3;0.06;"M:5:V"
3120;"Pharos";796.049;3897;0.6;0.76;0.59;"K:6:V"
2547;"Timbuktu";472.691;3854;0.5;0.84;0.59;"K:7:V"
1970;"Pajarito";485.93;NA;0.2;0.63;0.02;"M:1:V"
1663;"Meinrad";401.763;2668;0.1;0.58;0.01;"M:5:V"
774;"Eguilles";236.068;2565;0.1;0.54;0.06;"M:4:V"
2867;"Lindassa";521.901;3723;0.6;0.82;0.31;"K:5:V"
268;"Basiliano";343.42;2916;0.4;0.59;0.06;"M:0:V"
1396;"Kookens Pleasure Pit";383.267;2781;0.1;0.35;0.03;"M:5:V"
47;"Akfata";420.516;2765;0.3;0.26;0.07;"M:3:V"
2901;"Ferris";509.384;5519;0.9;1.05;0.91;"G:4:V"
2271;"Segerica";407.856;3293;0.2;0.42;0.04;"M:2:V"
2626;"Umijiri";163.281;5491;0.9;1.12;0.89;"G:4:V"
1156;"Hurgh";214.246;3305;0.2;0.7;0.07;"M:1:V"
220;"Avior";200.721;2873;0.2;0.23;0.01;"M:5:V"
1630;"Maule";247.314;2722;0.3;0.3;0.06;"M:5:V"
1612;"Maritgues";233.909;2488;0.2;0.43;0.05;"M:8:V"
1099;"Herndon";401.596;3314;0.3;0.43;0.07;"M:2:V"
2551;"Tintavel";262.893;4840;0.7;0.95;0.1;"K:2:V"
1830;"New Ganymede";425.894;4166;0.6;0.9;0.37;"K:5:V"
2556;"Tiskilwa";232.043;4824;0.8;0.74;0.22;"K:0:V"
2149;"Reykavis";464.532;2922;0.1;0.58;0.07;"M:3:V"
804;"Engadin";337.095;5587;0.9;0.96;1.04;"G:2:V"
1306;"Kaufermann";418.118;4408;0.5;0.84;0.2;"K:3:V"
1232;"Janina";479.25;2690;0.4;0.28;0.05;"M:2:V"
2220;"Saltville";390.801;5241;1;1.04;0.74;"G:5:V"
2659;"Vanra";170.201;5376;0.8;0.97;1.13;"G:4:V"
2516;"Tentativa";462.242;2543;0.2;0.25;0.07;"M:8:V"
1060;"Harrow's Sun";271.312;3391;0.4;0.21;0.07;"M:0:V"
1097;"Hergazil";659.552;3057;0.4;0.19;0.06;"M:2:V"
959;"Gitarama";725.973;3292;0.2;0.19;0.06;"M:1:V"
1235;"Jardangal";618.339;2860;0.2;0.18;0.06;"M:0:V"
1209;"Irian";73.114;4102;0.8;0.93;0.46;"K:5:V"
1468;"Laurieston";141.779;2618;0.3;0.67;0.08;"M:5:V"
2239;"Sargasso";344.965;NA;0.4;0.24;0.02;"M:4:V"
2072;"Procyon";12.159;2640;0.4;0.26;0.03;"M:4:V"
2750;"Westover";370.149;2413;0.1;0.67;0.05;"M:3:V"
1950;"Ormal";425.509;2686;0.2;0.33;0.05;"M:5:V"
26;"Addicks";71.442;2506;0.2;0.38;0.04;"M:5:V"
2470;"Tall Trees";66.747;2825;0.3;0.35;0.02;"M:2:V"
2837;"Zhongshan";383.677;2747;0.2;0.23;0.08;"M:6:V"
108;"Altorra";263.51;2509;0.2;0.16;0.02;"M:8:V"
1349;"Kilarney";334.515;2457;0.3;0.51;0.05;"M:1:V"
2718;"Wapakoneta";248.167;2668;0.2;0.57;0.06;"M:3:V"
1801;"Nashuar";224.427;3244;0.4;0.64;0.07;"M:2:V"
874;"Finsterwalde";290.373;3057;0.2;0.51;0.02;"M:1:V"
455;"Cammal";199.065;2626;0.2;NA;0.03;"M:2:V"
891;"Foochow";131.957;3802;0.5;0.76;0.47;"K:0:V"
2797;"Yed Prior";138.676;2452;0.2;0.68;0.03;"M:6:V"
1376;"Kleinwelt";539.674;5269;1;0.96;0.9;"G:4:V"
1640;"McAlister";411.138;2513;0.3;0.62;0.01;"M:7:V"
1190;"Ina";438.829;2485;0.3;0.45;0.04;"M:1:V"
1389;"Köln";215.022;3522;0.2;0.54;0.06;"M:0:V"
98;"Altais";115.948;3705;0.6;0.87;0.54;"K:5:V"
40;"Aggstein";299.133;5337;0.9;1.02;1.37;"G:2:V"
2451;"Swartklip";487.555;2427;0.2;0.53;0.05;"M:3:V"
787;"Elektrougli";216.119;4225;0.6;0.79;0.29;"K:2:V"
486;"Cartago";140.202;5574;1;1.11;0.7;"G:4:V"
2237;"Saravan";331.428;2634;0.4;0.19;0.07;"M:7:V"
328;"Binyang";371.027;3792;0.7;0.92;0.57;"K:6:V"
1004;"Greypearl";527.032;2410;0.3;0.14;0.04;"M:8:V"
927;"Galuzzo";251.434;2539;0.4;0.68;0.01;"M:3:V"
1374;"Klathan";178.057;2448;0.4;0.39;0.02;"M:4:V"
279;"Bayindir";383.041;4009;0.8;0.81;0.25;"K:5:V"
402;"Broken Wheel";561.755;4321;0.5;0.73;0.55;"K:5:V"
426;"Cabanatuan";535.102;3168;0.3;0.24;0.01;"M:3:V"
1875;"Niops";457.325;2489;0.2;0.62;0.05;"M:2:V"
2123;"Rasalhague";391.74;3136;0.4;0.22;0.06;"M:1:V"
434;"Calafell";388.99;4517;0.6;0.73;0.22;"K:3:V"
381;"Brailsford";505.55;4828;0.6;NA;0.28;"K:2:V"
1342;"Khon Kaen";387.163;4507;0.6;0.88;0.2;"K:3:V"
1477;"Lengkong";352.498;4978;0.5;0.71;0.11;"K:0:V"
290;"Belaire";432.578;2644;0.2;0.42;0.06;"M:2:V"
1478;"Leoben";407.373;3726;0.6;0.85;0.08;"K:5:V"
1219;"Itica";378.544;2751;0.4;0.16;0.04;"M:2:V"
2030;"Pilpala";376.129;4754;0.6;0.82;0.19;"K:2:V"
2275;"Semenyih";177.932;4361;0.5;0.76;0.15;"K:5:V"
1838;"New Kyoto";126.283;4660;0.5;0.93;0.11;"K:2:V"
1407;"Kountze";525.166;2519;0.2;0.22;0.04;"M:5:V"
688;"Deneb Algedi";48.662;3306;0.4;0.1;0.08;"M:1:V"
482;"Carnwath";103.787;3233;0.1;0.38;0.02;"M:3:V"
1868;"Nightwish";446.915;3927;0.7;0.75;0.36;"K:6:V"
488;"Cascade";228.139;2591;0.4;0.59;0.05;"M:5:V"
2704;"Vorzel";296.098;2749;0.1;0.59;0.02;"M:4:V"
179;"Armington";518.984;2781;0.1;0.23;0.06;"M:3:V"
2714;"Waldorff";382.194;4333;0.6;0.94;0.59;"K:3:V"
1369;"Kittery";238.547;2563;0.2;0.25;0.03;"M:2:V"
628;"Cruz Alta";437.402;2508;0.1;0.3;0.02;"M:5:V"
2959;"Shadow";1749.943;2986;0.2;0.32;0.03;"M:4:V"
694;"Des Arc";503.544;2775;0.3;0.58;0.04;"M:5:V"
2855;"Fasa";1632.008;NA;0.4;0.29;0.04;"M:1:V"
2340;"Simferopol";360.327;4084;0.6;0.95;0.13;"K:2:V"
1513;"Lone Star";50.631;2911;0.4;0.3;0.02;"M:3:V"
1110;"Hildaman";192.933;4117;0.7;0.73;0.24;"K:5:V"
839;"Fagerholm";372.14;4183;0.7;0.81;0.33;"K:6:V"
200;"Atlas";290.432;3519;0.4;0.36;0.03;"M:0:V"
992;"Grand Base";302.397;2891;0.1;0.24;0.04;"M:2:V"
908;"Fukuroi";173.854;5488;1;1.09;0.85;"G:5:V"
543;"Chirala";454.702;3074;0.4;0.14;0.04;"M:4:V"
2742;"Weiz";305.921;2989;0.3;0.45;0.05;"M:3:V"
3012;"Helios";552.129;2998;0.2;0.58;0.01;"M:0:V"
3111;"Frobisher";598.709;2610;0.4;0.37;0.02;"M:7:V"
623;"Crichton";631.382;2549;0.1;0.11;0.04;"M:3:V"
39;"Agematsu";314.421;5055;0.8;0.73;0.38;"K:0:V"
1035;"Hakkaido";351.968;2563;0.3;0.52;0.01;"M:6:V"
1394;"Konopiste";288.934;3314;0.3;0.5;0.04;"M:2:V"
3029;"Santiago";1000.343;2694;0.4;0.54;0.02;"M:2:V"
2466;"Takata";474.361;NA;0.2;0.58;0.03;"M:2:V"
1012;"Grumium";186.911;2816;0.3;0.14;NA;"M:5:V"
3103;"New Delphi";993.684;3032;0.1;0.32;0.03;"M:0:V"
1215;"Ishtar";431.211;3132;0.2;0.56;0.05;"M:2:V"
1987;"Paris";197.591;2760;0.3;NA;0.03;"M:0:V"
9;"Abiy Adi";470.19;4189;0.7;0.94;0.5;"K:2:V"
2508;"Tegaldanas";417.701;2876;0.4;0.34;0.05;"M:5:V"
1892;"Norn";399.746;4050;0.7;0.75;0.39;"K:6:V"
2911;"Marknick";694.387;3599;0.2;0.36;0.03;"M:0:V"
2001;"Payvand";376.287;4182;0.5;0.75;0.55;"K:5:V"
1583;"Mandaree";358.853;4695;0.8;0.85;0.53;"K:3:V"
2460;"Szepes";240.706;2915;0.2;NA;0.03;"M:1:V"
2025;"Pierce";462.658;4189;0.6;0.86;0.4;"K:2:V"
385;"Braunton";270.161;3146;0.2;0.37;0.02;"M:1:V"
762;"Eagle Rest";601.671;2516;0.3;0.33;0.02;"M:2:V"
91;"Alrakis";84.276;2645;0.2;0.19;0.01;"M:7:V"
209;"August";169.534;4246;0.7;0.87;NA;"K:4:V"
917;"Galatea";63.663;2413;0.3;0.53;0.05;"M:8:V"
1461;"Last Chance";503.18;NA;0.1;0.37;0.03;"M:4:V"
1566;"Main Street";516.13;5111;0.6;0.87;0.55;"K:0:V"
652;"Dalmantia";277.007;2681;0.1;0.5;0.01;"M:6:V"
1862;"Newton";318.878;5269;1;1.05;1.01;"G:4:V"
2760;"Windhoek";563.6;2925;0.2;0.38;0.05;"M:5:V"
716;"Dì-fang";297.626;2519;0.3;0.58;0.07;"M:8:V"
2636;"Urich";429.763;5494;0.9;0.98;1.39;"G:5:V"
2359;"Slocum";78.186;3211;0.1;0.23;0.02;"M:3:V"
1239;"Jászberény";177.276;2615;0.4;0.22;0.07;"M:3:V"
851;"Farcry";545.254;2610;0.1;0.2;0.06;"M:3:V"
2064;"Pressville";645.184;4438;0.7;0.88;0.43;"K:4:V"
864;"Ferris";597.296;5318;0.8;1.01;0.67;"G:2:V"
876;"Firgrove";389.622;2431;0.1;0.16;0.02;"M:0:V"
3106;"Beehive Cluster";816.864;2585;0.3;0.44;0.05;"M:3:V"
1231;"Jamestown";433.938;2812;0.4;0.51;0.08;"M:5:V"
968;"Glentworth";341.741;2620;0.3;0.2;0.01;"M:3:V"
546;"Chita";568.687;3259;0.3;0.4;0.05;"M:2:V"
1481;"Lesalles";165.267;5484;1;1.09;1.17;"G:2:V"
2473;"Tallmadge";279.21;3400;0.2;0.54;0.05;"M:2:V"
1778;"Muscida";229.603;3088;0.3;0.56;0.02;"M:2:V"
1100;"Herotitus";434.101;3817;0.7;0.95;0.42;"K:6:V"
154;"Apinzel";462.096;3007;0.2;0.6;0.02;"M:1:V"
2834;"Zertarum";479.723;2625;0.1;0.36;0.02;"M:1:V"
1140;"Housekarle";278.876;2526;0.1;0.21;0.08;"M:0:V"
2403;"Steeles";324.294;2486;0.2;0.2;0.04;"M:8:V"
1920;"Odawara";355.238;2852;0.4;0.09;0.08;"M:5:V"
1429;"Kvistgard";365.517;2466;0.1;0.43;0.03;"M:5:V"
988;"Graceland";265.811;2578;0.3;0.22;0.04;"M:3:V"
1200;"Ingvolstand";590.429;3241;0.2;0.13;0.05;"M:3:V"
1569;"Malacca";516.353;3745;0.6;0.86;0.55;"K:7:V"
72;"Alhena";83.739;4655;0.5;0.86;0.29;"K:3:V"
1466;"Laureles";224.82;3146;0.2;0.64;0.08;"M:2:V"
2318;"Shiri";670.763;5386;0.8;0.96;1.45;"G:5:V"
2351;"Skepptana";563.286;5432;0.8;1;0.88;"G:2:V"
2286;"Seven Lands";526.169;4102;0.7;0.82;0.42;"K:6:V"
3154;"Chaadan";508.714;3059;0.1;0.29;0.06;"M:3:V"
2223;"Samantha";430.124;2671;0.1;0.22;0.01;"M:2:V"
2389;"St. Cyr";521.765;4576;0.6;0.85;0.22;"K:3:V"
2281;"Sentarus";567.858;3504;0.3;0.7;0.02;"M:0:V"
2651;"Valloire";386.165;4024;0.7;0.86;0.41;"K:3:V"
2003;"Peacock";229.088;5266;1;0.97;1.42;"G:2:V"
2159;"Roadside";412.643;3782;0.5;0.73;0.21;"K:0:V"
1302;"Kathil";226.802;3010;0.2;0.48;0.06;"M:2:V"
2312;"Shimosuwa";143.006;3959;0.8;0.77;0.52;"K:7:V"
2563;"Tomans";228.019;2688;0.3;0.53;0.04;"M:4:V"
672;"Decatur";340.59;4193;0.6;0.82;0.19;"K:2:V"
869;"Filtvelt";538.182;2806;0.1;0.53;0.04;"M:4:V"
3121;"Rim Worlds Republic Outpost #11";1635.14;2896;0.3;0.55;0.03;"M:5:V"
1130;"Homestead";289.467;2558;0.2;0.49;0.03;"M:3:V"
2819;"Zaprudy";333.228;2613;0.3;0.42;0.02;"M:2:V"
653;"Dalton";257.401;2612;0.4;0.33;0.04;"M:7:V"
2208;"Saiph";68.188;3040;0.3;0.17;0.06;"M:3:V"
2293;"Sharpe";217.003;4513;0.7;0.71;0.23;"K:2:V"
1014;"Gruyeres";322.429;2905;0.2;0.44;0.01;"M:5:V"
3134;"Fylovar";672.878;2600;0.3;0.47;0.01;"M:7:V"
707;"Diboll";480.08;5499;1;1.14;1.1;"G:4:V"
2876;"Pompey";536.788;3739;0.8;0.86;0.47;"K:2:V"
2971;"Project Sagitarius Umbrella";640.735;2402;0.4;0.32;0.03;"M:6:V"
1623;"Matamoras";430.949;2714;0.3;0.09;0.02;"M:4:V"
1238;"Jasmine";204.513;2871;0.2;0.37;0.05;"M:3:V"
2678;"Versailles";222.488;3213;0.2;0.56;0.05;"M:1:V"
2985;"Bremen";1131.231;2424;0.1;0.56;NA;"M:7:V"
2730;"Waypoint";522.306;3147;0.1;0.67;0.07;"M:2:V"
661;"Danxian";347.841;2732;0.3;0.59;0.02;"M:5:V"
551;"Chota";187.91;3308;0.4;0.59;0.01;"M:2:V"
1489;"Lihue";468.347;2506;0.4;0.23;0.07;"M:6:V"
3112;"Horgens";1209.767;4066;0.6;0.83;0.49;"K:3:V"
2482;"Tania Australis";154.806;3140;0.4;0.29;0.05;"M:0:V"
1935;"Oldsmith";318.905;2474;0.3;0.35;0.06;"M:6:V"
1373;"Klamriz";206.093;3034;0.3;0.46;0.07;"M:3:V"
1708;"Milos";232.493;2546;0.3;0.58;0.06;"M:7:V"
786;"Electra";387.669;3908;0.7;0.85;0.29;"K:3:V"
641;"Cynthiana";76.673;3866;0.5;0.87;0.15;"K:7:V"
2708;"Waddesdon";134.832;5222;0.9;0.98;0.69;"G:3:V"
2841;"Zion";84.669;2499;0.4;0.24;0.01;"M:5:V"
2587;"Trolloc Prime";174.345;4127;0.6;0.83;NA;"K:2:V"
1985;"Pardeau";149.723;3259;0.2;0.14;0.01;"M:3:V"
2576;"Traussin";479.612;5598;1;1.08;1.12;"G:3:V"
474;"Caria";201.292;2941;0.1;0.23;0.04;"M:3:V"
3101;"Karpathos";984.419;2470;0.1;0.65;0.04;"M:6:V"
2049;"Pomme De Terre";367.223;2759;0.3;0.18;0.02;"M:0:V"
2683;"Vicksland";287.646;3113;0.2;0.22;0.06;"M:3:V"
2078;"Prydain";365.823;3246;0.2;0.61;0.06;"M:3:V"
400;"Brockton";545.165;3391;0.4;0.66;0.04;"M:0:V"
1989;"Parma";363.588;4009;0.5;0.85;0.2;"K:5:V"
2735;"Weekapaug";249.877;3960;0.7;NA;0.35;"K:2:V"
545;"Chisholm";50.997;2457;0.1;0.23;0.07;"M:2:V"
374;"Bothwell";483.17;2491;0.1;0.19;0.06;"M:2:V"
2065;"Preston";214.442;4320;0.6;0.83;0.53;"K:5:V"
2618;"Ulan Batar";146.816;3161;0.1;0.16;0.06;"M:1:V"
606;"Corydon";220.061;4623;0.7;0.75;0.2;"K:2:V"
2713;"Waldheim";369.385;2686;0.1;0.5;0.05;"M:5:V"
1820;"New Canton";73.413;5630;0.9;1.07;1.14;"G:4:V"
654;"Damevang";351.525;2780;0.3;0.52;0.02;"M:2:V"
2175;"Rosamond";181.753;2695;0.1;0.27;0.07;"M:3:V"
1687;"Merowinger";608.18;NA;0.2;0.43;0.03;"M:5:V"
569;"Clovis";180.192;4440;0.7;0.76;0.1;"K:2:V"
1734;"Modesto";554.978;2728;0.1;0.14;0.01;"M:2:V"
2217;"Salisberg";553.449;2966;0.1;0.29;0.07;"M:1:V"
1387;"Kokpekty";511.715;2785;0.1;0.55;0.06;"M:2:V"
1027;"Hachiman";295.082;2581;0.2;0.33;0.06;"M:2:V"
2670;"Vendrell";340.039;2607;0.3;0.18;0.07;"M:2:V"
1307;"Kaumberg";413.871;4211;0.5;0.82;0.43;"K:3:V"
1050;"Hanover";400.763;2718;0.4;0.08;0.01;"M:2:V"
2666;"Veckholm";169.866;2793;0.3;0.56;0.07;"M:2:V"
1323;"Kelenfold";206.356;3953;0.6;0.74;0.54;"K:3:V"
678;"Delacambre";539.73;2411;0.3;0.56;0.07;"M:7:V"
2821;"Zathras";399.333;3915;0.7;0.95;0.48;"K:0:V"
1297;"Karkkila";443.122;2618;0.1;NA;0.04;"M:2:V"
1665;"Melcher";369.315;2958;0.4;0.38;0.07;"M:3:V"
3064;"Union of Samoyedic Colonies";897;2704;0.2;0.3;0.06;"M:4:V"
2953;"Marshall";1793.139;4073;0.5;0.72;0.14;"K:5:V"
1091;"Helsingfors";209.705;2439;0.3;0.59;0.05;"M:8:V"
2474;"Tamar";315.239;2753;0.2;0.63;0.04;"M:3:V"
1123;"Hohenems";348.885;5296;0.9;1.14;0.77;"G:2:V"
2376;"Sophie's World";167.077;3140;0.2;0.15;0.06;"M:0:V"
665;"Darwendale";407.791;2590;0.2;0.47;0.03;"M:0:V"
21;"Aconcagua";334.065;2768;0.2;0.2;0.01;"M:1:V"
1234;"Jápminboddu";555.547;2822;0.2;0.26;0.02;"M:2:V"
1;"A Place";298.999;3820;0.7;0.82;0.48;"K:7:V"
1721;"Misery";287.124;4061;0.6;0.89;0.11;"K:2:V"
267;"Basantapur";462.307;2533;0.2;0.07;NA;"M:7:V"
490;"Casere";352.437;4515;0.7;0.85;0.16;"K:1:V"
2818;"Zanzibar";383.913;4513;0.8;0.88;NA;"K:2:V"
1939;"Oliver";32.57;5670;0.9;1.07;0.9;"G:2:V"
3020;"Ctesiphon";1093.331;4013;0.5;0.78;0.22;"K:5:V"
2273;"Seiduts";370.755;4008;0.7;0.8;0.12;"K:5:V"
1550;"Machapuchre";528.899;3060;0.4;0.54;0.04;"M:2:V"
2977;"Granada";1344.231;2876;0.3;0.17;0.07;"M:2:V"
1247;"Jerangle";477.006;2493;0.2;0.17;0.02;"M:3:V"
1955;"Osumi";157.352;5404;0.9;1.04;1.2;"G:2:V"
2550;"Tinaca";282.675;3223;0.2;0.39;0.08;"M:2:V"
2820;"Zara";260.889;3543;0.4;0.38;0.02;"M:0:V"
2280;"Senorbi";376.698;5582;1;1.02;1.26;"G:2:V"
390;"Breukelen";166.583;3227;0.1;NA;0.02;"M:1:V"
2443;"Sutama";153.458;3880;0.7;0.81;0.54;"K:6:V"
139;"Anjin Muerto";591.69;3153;0.3;0.15;0.03;"M:3:V"
2888;"Carvajal";603.335;2832;0.3;0.23;0.03;"M:3:V"
646;"Dagda";247.737;5677;0.8;1.09;0.72;"G:2:V"
1857;"New Vallis";421.7;3301;0.2;0.52;0.03;"M:1:V"
1299;"Karston";277.256;3024;0.3;0.63;0.08;"M:0:V"
1336;"Kestrel";272.365;2476;0.4;NA;0.07;"M:8:V"
1572;"Malagrotta";506.747;2821;0.2;0.31;0.05;"M:2:V"
1677;"Menkent";44.641;3836;0.5;0.78;0.1;"K:7:V"
2017;"Pesht";372.212;3874;0.8;0.8;0.47;"K:3:V"
2316;"Shipton";539.764;2505;0.4;0.36;0.04;"M:4:V"
378;"Bowang";353.084;2838;0.4;NA;0.06;"M:1:V"
2335;"Sikkim";468.619;5360;0.9;NA;1.35;"G:2:V"
833;"Evciler";369.143;3383;0.4;0.7;0.06;"M:2:V"
2878;"Suetonius";514.692;2458;0.2;0.26;0.08;"M:5:V"
2727;"Waunakee";317.772;2464;0.4;0.28;0.03;"M:7:V"
2944;"Grant's Station";1836.562;5595;1;1.11;1;"G:4:V"
1905;"Nox";240.194;2812;0.3;0.15;0.04;"M:6:V"
1473;"Leganes";178.124;3389;0.1;0.61;0.04;"M:1:V"
504;"Centavido";449.868;3732;0.5;0.79;0.32;"K:5:V"
2032;"Pingree";211.805;2608;0.1;0.37;0.05;"M:2:V"
2465;"Tainjin";456.103;3338;0.1;0.54;0.05;"M:0:V"
1609;"Marik";109.575;2400;0.2;0.57;0.02;"M:2:V"
171;"Argyle";277.741;2642;0.1;0.4;0.04;"M:4:V"
2236;"Sappir";427.733;4048;0.5;0.88;NA;"K:1:V"
2112;"Raman";161.818;2741;0.4;0.39;0.01;"M:5:V"
2362;"Smolensk";220.579;NA;0.3;0.47;0.02;"M:2:V"
1011;"Groveld";403.243;2743;0.2;0.46;0.05;"M:3:V"
1479;"Lepaterique";410.386;3316;0.2;0.29;0.03;"M:2:V"
1244;"Jeju";491.423;2493;0.2;0.46;0.07;"M:8:V"
218;"Avellaneda";100.437;4251;0.6;0.8;0.46;"K:2:V"
24;"Ad Duwayd";520.786;3266;0.2;0.65;0.04;"M:0:V"
2103;"Raballa";159.227;4047;0.6;0.95;0.36;"K:2:V"
1138;"Hortense";508.989;NA;0.3;0.51;0.04;"M:2:V"
923;"Gallery";225.874;2763;0.4;0.68;0.06;"M:2:V"
2494;"Tarol";460.587;2594;0.4;0.55;0.07;"M:7:V"
2864;"Horatius";558.005;5566;1;1.13;0.65;"G:2:V"
1075;"Hecheng";425.815;4003;0.8;0.74;0.38;"K:2:V"
1894;"Northsun";547.025;4316;0.5;0.84;NA;"K:2:V"
2048;"Pollux";35.173;3763;0.5;0.72;0.51;"K:2:V"
643;"Cyrton";500.424;5205;0.9;1.08;0.63;"G:5:V"
2134;"Relevow";200.966;3880;0.5;0.92;NA;"K:5:V"
2589;"Trondheimal";463.951;2593;0.3;0.6;0.07;"M:3:V"
259;"Barlaston";293.832;3461;0.3;0.61;0.05;"M:1:V"
2960;"Sheridan";1798.647;2964;0.3;0.25;0.01;"M:3:V"
1157;"Hurik";403.869;3105;0.4;0.48;0.03;"M:3:V"
1614;"Markesan";233.831;2550;0.4;0.66;0.03;"M:3:V"
726;"Dobson";205.89;3974;0.6;0.83;0.43;"K:5:V"
2438;"Sunchon";344.672;4686;0.8;0.91;0.55;"K:2:V"
2192;"Ryans Fate";426.217;2807;0.3;0.47;0.01;"M:3:V"
2066;"Preston";234.936;3309;0.4;0.17;0.07;"M:2:V"
1113;"Hinckley";463.02;3972;0.7;0.96;0.45;"K:6:V"
2431;"Sulafat";190.491;5670;1;1.13;0.78;"G:2:V"
709;"Dichell";579.927;2977;0.2;0.5;0.03;"M:3:V"
2537;"Thuban";228.914;2710;0.4;0.46;0.02;"M:3:V"
925;"Gallitzin";209.777;3396;0.3;0.45;0.03;"M:2:V"
1834;"New Home";14.626;3745;0.8;0.88;0.27;"K:0:V"
410;"Bryant";18.672;4124;0.7;0.71;0.23;"K:1:V"
1751;"Montsegur";459.177;3804;0.7;0.8;0.58;"K:5:V"
637;"Cussar";185.663;4150;0.5;0.96;0.45;"K:2:V"
278;"Bayeux";554.429;5368;0.9;1.01;0.9;"G:2:V"
1993;"Pasig";371.41;3260;0.3;0.11;0.03;"M:2:V"
749;"Dukambia";280.712;2701;0.2;0.19;0.06;"M:4:V"
1135;"Horneburg";280.484;4364;0.7;0.88;0.1;"K:3:V"
3050;"Fröislandis";1466.288;NA;0.5;0.87;0.42;"K:0:V"
1357;"Kinkaid";457.257;2790;0.4;0.34;NA;"M:5:V"
1844;"New Praha";204.488;4733;0.7;0.72;0.22;"K:0:V"
1559;"Madiun";402.121;2448;0.1;NA;0.06;"M:8:V"
1773;"Murchison";77.291;2433;0.4;0.09;0.07;"M:2:V"
1166;"Ibstock";104.048;3308;0.3;0.45;0.03;"M:1:V"
1519;"Lost";486.001;4900;0.5;0.84;0.55;"K:0:V"
3081;"SLSC A0V.4900";1008.835;2986;0.3;0.12;NA;"M:2:V"
783;"Elba";516.187;2526;0.4;0.24;0.03;"M:1:V"
2895;"Davetal";522.975;4215;0.7;0.77;0.13;"K:3:V"
3021;"Epsilon Pegasus";725.437;5506;0.9;1.1;0.83;"G:4:V"
873;"Finse";557.055;NA;1;0.99;1;"G:2:V"
1664;"Mejicanos";506.009;2914;0.3;0.65;0.03;"M:2:V"
143;"Annunziata";431.715;NA;0.5;0.78;0.14;"K:7:V"
2884;"Belle Isle";634.303;2470;0.3;0.44;0.03;"M:2:V"
1591;"Manksville";389.073;3811;0.5;0.94;0.13;"K:0:V"
1995;"Pattison";590.181;5306;0.8;1.04;1.18;"G:4:V"
1448;"Lamu";239.315;2459;0.4;0.56;0.06;"M:3:V"
1599;"Mara";122.062;2640;0.3;0.09;0.06;"M:3:V"
1906;"Nuelson Minor";386.094;3433;0.3;0.47;NA;"M:0:V"
2166;"Rockwellawan";487.954;3214;0.1;0.56;0.08;"M:1:V"
1211;"Irurzun";210.953;3454;0.4;0.3;0.05;"M:1:V"
2528;"The Edge";408.464;3305;0.2;0.29;0.06;"M:2:V"
1916;"Oberon";486.19;4714;0.7;0.79;0.1;"K:2:V"
1201;"Inman";556.066;3910;0.6;0.76;0.19;"K:7:V"
1497;"Linqing";461.654;4829;0.6;0.77;0.48;"K:2:V"
1475;"Leipsic";324.924;2946;0.4;0.45;0.01;"M:5:V"
1334;"Kesai";384.95;2952;0.4;0.51;0.06;"M:1:V"
2744;"Weldry";423.749;3055;0.4;0.09;0.04;"M:2:V"
2936;"Barcella";1896.522;2926;0.1;0.31;0.05;"M:5:V"
2751;"Westphalia";162.613;3875;0.8;0.83;0.57;"K:7:V"
325;"Biham";80.662;2637;0.3;0.58;0.08;"M:3:V"
459;"Canal";486.867;4339;0.7;0.81;0.21;"K:5:V"
2253;"Sawyer";465.727;3814;0.5;0.72;0.54;"K:2:V"
861;"Ferleiten";354.742;2987;0.3;0.24;0.08;"M:2:V"
3102;"Lemnos";1009.009;NA;0.9;1.08;1.44;"G:2:V"
541;"Chimpaw";160.932;4474;0.8;0.8;0.09;"K:0:V"
452;"Cameron";240.573;2522;0.2;0.42;0.02;"M:7:V"
540;"Chilung";276.327;5597;1;1.12;1.26;"G:2:V"
685;"Delphos";323.952;4201;0.5;0.76;0.51;"K:2:V"
1443;"Laconis";421.364;5382;0.9;1.02;0.99;"G:2:V"
751;"Dumassas";536.142;2402;0.4;0.22;0.03;"M:2:V"
1555;"Macksburg";439.435;2423;0.3;0.61;0.01;"M:8:V"
1852;"New Stevens";23.155;4079;0.8;0.8;0.54;"K:3:V"
2133;"Reisterstown";349.102;4320;0.7;0.7;0.5;"K:2:V"
1343;"Ki Zoban";465.272;2783;0.2;0.14;0.06;"M:5:V"
1628;"Mattisskogen";366.096;3876;0.6;0.73;0.13;"K:7:V"
362;"Bone-Norman";463.592;4762;0.6;0.73;0.19;"K:1:V"
3095;"Anglia";1015.357;2679;0.2;0.43;NA;"M:5:V"
2148;"Rexburg";211.395;2418;0.2;0.32;0.04;"M:2:V"
3079;"Interstellar Expeditions Base #6";1297.62;4440;0.6;0.8;0.44;"K:1:V"
1251;"Jezersko";380.237;2888;0.4;0.16;0.04;"M:2:V"
2232;"Sanurcha";482.897;3285;0.2;0.63;0.04;"M:2:V"
2212;"Sakhara";278.677;4404;0.7;0.94;0.59;"K:3:V"
1213;"Isesaki";338.17;5349;0.8;1.05;0.68;"G:4:V"
291;"Belamor";300.235;2756;0.2;0.26;0.03;"M:5:V"
553;"Chouli";334.009;2784;0.4;0.42;0.01;"M:3:V"
50;"Al Jubaylah";336.451;3252;0.3;0.11;0.07;"M:2:V"
3104;"Thasos";970.102;2731;0.2;0.39;0.08;"M:6:V"
2938;"Brim";1768.735;2587;0.3;0.15;0.04;"M:5:V"
1672;"Mendham";375.221;3101;0.2;NA;0.06;"M:2:V"
3052;"Heidrunn";1897.849;2453;0.1;NA;0.04;"M:8:V"
877;"Fjaldr";414.097;2484;0.3;0.65;0.02;"M:0:V"
705;"Diamantina";330.259;NA;0.2;0.13;0.06;"M:3:V"
3057;"Malador Cluster";1113.246;4042;0.5;0.8;0.16;"K:4:V"
1960;"Ourem";721.242;2903;0.3;0.26;0.04;"M:3:V"
1287;"Kanata";322.531;2492;0.2;0.2;0.01;"M:7:V"
2459;"Syrstart";605.417;3021;0.4;0.26;0.07;"M:2:V"
1398;"Korramabad";521.303;4042;0.5;0.73;0.09;"K:3:V"
2909;"Lastpost";719.1;2966;0.2;0.14;0.08;"M:5:V"
2379;"Sorunda";139.055;4022;0.6;0.74;0.56;"K:6:V"
1779;"Muskegon";192.158;3010;0.2;0.19;0.03;"M:2:V"
1900;"Novara";384.151;2611;0.1;0.62;0.04;"M:4:V"
2533;"Thimphu";449.619;4009;0.7;0.71;0.5;"K:5:V"
2418;"Stotzing";402.537;3509;0.2;0.49;0.05;"M:0:V"
1923;"O'Fallon";324.418;2702;0.4;0.63;0.05;"M:5:V"
31;"Adherlwin";439.696;3127;0.3;0.25;0.07;"M:3:V"
2489;"Tapihue";347.815;3115;0.3;0.62;0.02;"M:4:V"
2334;"Sigurd";490.833;3903;0.6;0.7;0.34;"K:0:V"
298;"Belluevue";79.895;4039;0.6;0.82;0.23;"K:5:V"
2344;"Sinope";429.558;2627;0.2;0.63;0.06;"M:3:V"
3152;"Bonavista";447.234;3185;0.4;0.29;0.01;"M:2:V"
69;"Algol";93.819;2406;0.3;0.53;0.03;"M:1:V"
1617;"Marodzi";400.898;3106;0.1;0.24;0.06;"M:1:V"
2863;"Hardisey's Haven";424.642;3078;0.1;0.47;0.05;"M:2:V"
1256;"Johnson";588.568;2619;0.1;0.24;0.03;"M:5:V"
84;"Alnadal";158.599;4535;0.5;0.74;0.16;"K:3:V"
592;"Coopertown";546.037;3543;0.3;0.08;0.06;"M:1:V"
1603;"Marawi";272.134;3844;0.7;0.77;0.42;"K:5:V"
1615;"Marlette";160.857;5440;1;1.15;0.88;"G:5:V"
2464;"Taga";225.653;3051;0.2;0.26;0.08;"M:0:V"
3031;"Star Cluster A51";1580.127;2500;0.3;0.48;0.06;"M:8:V"
2871;"Marius's Tears";589.468;3893;0.5;0.79;0.44;"K:5:V"
2463;"Tabit";43.576;5437;0.8;1.13;0.68;"G:2:V"
2346;"Sirius";8.267;3997;0.6;0.85;0.47;"K:0:V"
1656;"Meghy";541.865;4293;0.7;0.77;0.09;"K:5:V"
2497;"Tatsuno";256.6;3095;0.4;0.7;0.03;"M:0:V"
2240;"Sarikavak";425.824;4666;0.6;0.76;0.38;"K:2:V"
1681;"Mercedes";408.409;2985;0.3;0.31;0.01;"M:1:V"
281;"Beaumont";585.296;2776;0.3;0.51;0.03;"M:5:V"
2527;"Thazi";796.344;2441;0.2;0.38;0.08;"M:5:V"
2119;"Raphael";318.112;4851;0.8;0.73;0.28;"K:2:V"
1568;"Maisons";346.154;2997;0.1;0.14;0.01;"M:3:V"
60;"Aldertaine";196.206;5257;1;1.11;1.03;"G:5:V"
1806;"Negushevo";396.623;5440;0.9;NA;0.66;"G:4:V"
3005;"Stralsund";983.017;3010;0.4;0.14;0.05;"M:2:V"
799;"Emerson";206.859;2920;0.4;0.56;0.01;"M:1:V"
2184;"Royal Foxx";441.428;3791;0.8;0.8;0.24;"K:6:V"
2612;"Ubangi";563.399;3757;0.6;0.76;0.44;"K:6:V"
1435;"La Blon";79.491;NA;1;1.11;1.2;"G:2:V"
1580;"Manaus";392.141;2549;0.2;0.2;0.02;"M:7:V"
2343;"Sindalin";354.593;2880;0.1;0.35;0.08;"M:2:V"
965;"Glengarry";108.729;3785;0.5;0.92;0.21;"K:5:V"
2164;"Rochester";226.969;2402;0.2;0.67;0.05;"M:3:V"
1645;"McKenna";147.988;2524;0.3;0.44;0.02;"M:0:V"
938;"Garrison";207.811;2814;0.3;0.27;0.05;"M:2:V"
798;"Emar";473.791;2489;0.2;0.63;0.04;"M:8:V"
2143;"Rentz";578.851;5663;0.9;1.02;1.14;"G:2:V"
837;"Exeter";188.604;3770;0.5;0.77;0.19;"K:6:V"
2572;"Tottori";505.695;4652;0.7;0.85;0.49;"K:0:V"
2307;"Shibukawa";217.167;3341;0.2;0.34;0.05;"M:1:V"
2501;"Tawas";146.757;2581;0.3;0.22;0.05;"M:2:V"
2038;"Pleiades Cluster";385.94;3780;0.7;0.87;0.47;"K:5:V"
3137;"Mandalas";448.793;2529;0.2;0.35;0.07;"M:1:V"
2943;"Glory";1838.239;2967;0.3;0.22;0.06;"M:1:V"
2799;"Yidtall";480.298;2911;0.1;0.35;0.01;"M:3:V"
2539;"Thun";260.345;3104;0.3;0.7;0.05;"M:1:V"
1904;"Nowhere";546.646;3970;0.8;0.72;0.25;"K:7:V"
3046;"Brundams";1928.754;2462;0.2;0.55;0.04;"M:8:V"
309;"Bernardo";96.943;3931;0.7;0.87;0.53;"K:4:V"
2267;"Scudder";218.398;4520;0.6;0.76;0.26;"K:3:V"
1439;"Labrea";353.792;5292;0.9;1.09;0.8;"G:2:V"
1263;"Josselin";374.936;3453;0.2;0.27;0.05;"M:1:V"
1537;"Lushann";471.15;5498;1;1.05;1.44;"G:5:V"
1413;"Krievci";320.018;2573;0.2;0.33;0.05;"M:4:V"
2526;"Tharkad";261.541;4131;0.6;0.9;0.57;"K:3:V"
1592;"Mannedorf";232.161;2548;0.3;0.24;0.03;"M:7:V"
2160;"Robinson";232.81;2536;0.2;0.38;0.07;"M:8:V"
560;"Ciotat";171.593;2410;0.1;0.21;0.03;"M:5:V"
2185;"Royalston";262.551;5427;1;1.06;0.61;"G:2:V"
2137;"Remulac";83.067;4067;0.5;0.85;0.15;"K:5:V"
2846;"Zortman";226.331;3942;0.7;NA;0.48;"K:5:V"
1031;"Haggard";480.751;2985;0.2;NA;0.02;"M:3:V"
1345;"Kiesen";222.224;3120;0.3;0.14;0.05;"M:3:V"
584;"Concord";149.242;2480;0.3;0.11;0.03;"M:5:V"
2844;"Zolfo";532.199;2737;0.4;0.43;0.06;"M:2:V"
2413;"Stewart";130.008;4156;0.6;0.92;0.17;"K:2:V"
320;"Bhaktapur";82.246;2965;0.4;0.34;0.08;"M:4:V"
397;"Brixtana";459.358;2941;0.3;0.5;0.03;"M:2:V"
1131;"Hongor";500.918;4111;0.5;0.96;0.13;"K:3:V"
353;"Bobruisk";336.545;2659;0.2;0.68;0.02;"M:5:V"
2142;"Renren";444.049;4135;0.6;0.74;0.13;"K:2:V"
1940;"Oltepesi";374.604;4626;0.6;0.78;0.56;"K:3:V"
2374;"Son Hoa";422.626;4866;0.6;0.78;0.1;"K:0:V"
2479;"Tangipahoa";589.739;2522;0.2;0.34;0.01;"M:3:V"
2111;"Raldamax";612.919;5569;1;1.02;1.03;"G:4:V"
2703;"Vortalcoy";491.941;2856;0.3;0.27;0.05;"M:3:V"
1082;"Helduza";588.518;2810;0.2;0.11;0.05;"M:1:V"
128;"Andarmax";386.507;4477;0.6;0.94;0.43;"K:2:V"
2519;"Tetschner";307.793;2539;0.2;NA;0.06;"M:1:V"
63;"Alekseyevka";443.369;2882;0.4;0.34;0.07;"M:5:V"
2595;"Tsingtao";181.059;3134;0.4;0.4;0.04;"M:1:V"
2798;"Yeguas";324.335;5266;0.8;1.04;0.92;"G:4:V"
163;"Arboris";67.184;2624;0.2;0.44;0.04;"M:1:V"
631;"Csomad";517.606;4362;0.7;0.92;0.43;"K:2:V"
2702;"Vorarlberg";304.652;4297;0.7;0.82;0.44;"K:3:V"
297;"Bellevue";333.059;2584;0.2;0.38;0.02;"M:5:V"
531;"Chenier";582.044;4328;0.5;0.9;0.3;"K:3:V"
3169;"Graystone";1255.592;2445;0.4;0.68;NA;"M:4:V"
174;"Arkab";215.16;2941;0.3;0.34;0.05;"M:4:V"
2182;"Rowe";336.634;2764;0.1;0.47;0.02;"M:6:V"
2369;"Soilihull";193.816;2646;0.4;0.51;0.05;"M:1:V"
2505;"Techne's Revenge";483.669;4246;0.5;0.75;0.39;"K:5:V"
77;"Alktral";766.482;5055;0.6;0.9;0.12;"K:0:V"
1000;"Great X";341.879;3991;0.7;0.87;0.53;"K:7:V"
2558;"Togura";271.847;2838;0.1;0.54;0.06;"M:0:V"
357;"Bogerth";265.277;2536;0.4;0.4;0.04;"M:3:V"
280;"Bayis";303.857;5406;0.8;1.13;0.63;"G:2:V"
1764;"Morven";563.9;5528;0.8;1.03;1.32;"G:4:V"
95;"Alta";290.073;5639;0.8;1.12;0.71;"G:4:V"
283;"Beckars";526.153;NA;0.1;0.33;0.06;"M:6:V"
2536;"Thraxa";496.608;4667;0.7;0.83;0.17;"K:2:V"
78;"All Dawn";484.442;2811;0.3;0.52;0.07;"M:4:V"
2386;"Spirit";251.914;2937;0.2;0.45;0.02;"M:3:V"
1632;"Mavegh";464.253;4155;0.7;0.82;0.54;"K:3:V"
395;"Brisbane";427.829;5546;0.9;1.13;1.24;"G:4:V"
2599;"Tuat";312.074;2748;0.1;0.48;0.05;"M:2:V"
3041;"Trinity";801.009;3885;0.7;0.84;0.18;"K:6:V"
492;"Castor";43.737;3488;0.4;0.17;0.05;"M:1:V"
752;"Dunianshire";504.089;2739;0.1;0.53;NA;"M:3:V"
1494;"Ling";128.8;2689;0.4;0.11;0.08;"M:3:V"
3004;"Stettin";1247.706;5511;1;1.08;1.3;"G:4:V"
2828;"Zebrenaski";304.234;5213;0.9;1.12;1.22;"G:2:V"
2102;"Qurayyat";462.046;3272;0.3;0.45;0.01;"M:1:V"
738;"Dralkig";528.922;NA;0.1;0.43;0.02;"M:5:V"
1991;"Pascagoula";433.421;2695;0.4;0.7;0.01;"M:5:V"
1214;"Isfahan";488.312;2759;0.3;0.6;0.07;"M:5:V"
1532;"Ludwig";179.422;2748;0.3;0.1;0.07;"M:2:V"
1038;"Halgrim";644.72;2942;0.1;0.6;0.08;"M:2:V"
215;"Australia";419.99;2540;0.3;0.11;0.03;"M:8:V"
1406;"Koumi";262.482;5820;0.9;1.08;0.87;"G:2:V"
3051;"Gurgaldar";1413.278;2942;0.1;0.43;0.01;"M:5:V"
2364;"Smythe";293.964;3986;0.7;0.74;0.24;"K:7:V"
345;"Blue Diamond";186.129;2529;0.2;0.29;0.02;"M:1:V"
359;"Bolan";278.021;4025;0.8;0.95;0.26;"K:2:V"
1174;"Igualada";311.943;2472;0.2;0.21;0.02;"M:2:V"
1865;"Ngake";263.991;2624;0.1;0.16;0.08;"M:1:V"
2725;"Washburn";186.768;2899;0.1;0.2;0.04;"M:2:V"
2552;"Tirabad";516.701;3926;0.8;0.88;0.48;"K:6:V"
745;"Drusibacken";174.619;5280;0.8;1.01;0.71;"G:5:V"
860;"Ferihegy";422.235;5279;0.9;1.03;0.71;"G:5:V"
1227;"Jacobabad";496.67;3195;0.4;0.65;0.07;"M:0:V"
344;"Blommestein";758.27;3024;0.1;NA;0.04;"M:4:V"
1372;"Kladnitsa";433.642;3141;0.1;0.21;0.08;"M:2:V"
3117;"Midden";658.395;2630;0.4;0.59;0.03;"M:5:V"
571;"Cohay";610.144;3595;0.2;0.15;0.06;"M:0:V"
1160;"Hyades Cluster";433.995;3121;0.1;0.27;0.02;"M:2:V"
1281;"Kakada";315.939;3924;0.5;0.76;0.46;"K:7:V"
2885;"Blackbone";499.083;2519;0.4;0.29;0.08;"M:3:V"
1595;"Mansu-ri";271.308;5651;1;1.11;1.38;"G:3:V"
674;"Decus";255.495;5261;0.9;1.13;0.81;"G:3:V"
1460;"Las Tunas";743.898;5554;0.9;1.06;1.09;"G:2:V"
1300;"Kasdach";313.753;2609;0.4;0.69;0.06;"M:7:V"
155;"Apolakkia";359.733;3943;0.6;0.72;0.49;"K:6:V"
475;"Caripare";326.181;3898;0.5;0.81;0.52;"K:6:V"
2790;"Yamarovka";296.32;2930;0.3;0.48;0.05;"M:1:V"
446;"Calpaca";215.775;2742;0.3;0.54;0.03;"M:2:V"
339;"Blackstone";489.457;2435;0.3;0.1;0.04;"M:3:V"
2967;"Tranquil";1762.306;2548;0.4;0.23;0.04;"M:2:V"
2603;"Turkalia";304.931;2850;0.4;0.18;0.03;"M:4:V"
2037;"Plataea";166.726;2566;0.1;0.49;0.04;"M:0:V"
2070;"Prinis Prime";527.614;2564;0.3;0.55;0.03;"M:4:V"
2987;"Danzig";1064.164;2466;0.4;0.63;0.04;"M:8:V"
817;"Erin";540.152;2572;0.4;0.41;0.04;"M:2:V"
2562;"Toland";446.647;3722;0.6;0.88;0.4;"K:4:V"
929;"Gambier";386.476;3958;0.7;0.88;0.22;"K:7:V"
2122;"Rasalgethi";216.273;2436;0.4;0.19;0.06;"M:8:V"
950;"Gibbs";255.686;2602;0.1;0.17;0.04;"M:5:V"
1966;"Oyevaina";266.727;5447;0.9;1.06;0.95;"G:5:V"
578;"Colmar";306.523;3226;0.1;0.46;0.06;"M:0:V"
315;"Beten Kaitos";201.724;4134;0.7;0.85;0.44;"K:3:V"
2499;"Taumaturgo";764.22;3028;0.3;0.54;0.04;"M:3:V"
880;"Flaum";453.727;2657;0.2;0.42;0.03;"M:0:V"
2251;"Savinsville";383.41;4580;0.7;0.73;0.56;"K:0:V"
604;"Corridan";127.263;4048;0.5;0.72;0.09;"K:6:V"
2147;"Revivim";403.721;5495;0.9;1.02;1.34;"G:5:V"
1384;"Kockengen";187.347;2421;0.4;0.12;0.01;"M:6:V"
2810;"Zalaf";442.444;4596;0.6;0.8;0.15;"K:3:V"
8;"Aberystwyth";434.937;3149;0.3;0.14;0.01;"M:3:V"
2731;"Wazan";140.817;2503;0.2;0.11;0.03;"M:7:V"
2076;"Proserpina";161.889;4076;0.8;0.93;0.34;"K:5:V"
2228;"Santa-Ana";698.225;2849;0.2;0.66;0.08;"M:2:V"
10;"Aboukir";509.023;2601;0.1;0.25;0.04;"M:3:V"
2073;"Project Libra Umbrella";545.104;2801;0.1;0.46;0.02;"M:0:V"
1605;"Marduk";216.782;2925;0.2;0.12;0.07;"M:3:V"
1804;"Necromo";214.715;2811;0.4;0.16;0.02;"M:1:V"
3128;"Albaracht";672.787;3807;0.6;0.8;0.28;"K:2:V"
1370;"Kitzingen";228.012;4705;0.7;0.92;0.56;"K:2:V"
2110;"Rajkot";375.164;4538;0.8;NA;0.09;"K:3:V"
2008;"Penobscot";336.077;4850;0.6;0.75;0.09;"K:1:V"
2748;"Westerstede";268.316;2644;0.2;0.11;0.07;"M:7:V"
2214;"Salardion";396.437;3024;0.2;0.69;NA;"M:2:V"
1903;"Novo Tressida";522.458;4282;0.7;0.88;0.31;"K:2:V"
2434;"Summerstide";551.739;2804;0.4;0.24;0.04;"M:3:V"
827;"Etiler";427.385;2770;0.2;0.45;0.06;"M:1:V"
1529;"Lucianca";189.926;2477;0.3;0.68;0.04;"M:8:V"
2807;"Yunnah";129.872;4394;0.8;0.78;0.19;"K:2:V"
2153;"Ridderkerk";354.281;5506;1;1.04;1.39;"G:3:V"
2272;"Seginus";103.55;3145;0.1;0.16;0.07;"M:2:V"
2013;"Perkasie";194.354;2883;0.1;0.67;0.03;"M:3:V"
2377;"Sornath";684.636;2568;0.3;0.12;0.06;"M:4:V"
1428;"Kuzuu";70.486;2741;0.2;0.18;0.03;"M:3:V"
1241;"Jaumegarde";171.526;2612;0.2;0.48;0.08;"M:7:V"
2512;"Tematagi";380.055;2450;0.2;0.42;0.02;"M:3:V"
2534;"Thirty Weight";289.985;3056;0.3;0.18;0.04;"M:4:V"
2903;"Gant";555.882;5721;0.9;1.02;0.65;"G:2:V"
2900;"Farstar";606.022;3042;0.1;0.51;0.04;"M:3:V"
3142;"Fable";272.819;2539;0.2;0.18;0.02;"M:7:V"
1533;"Ludwigshafen";372.066;3223;0.1;0.07;0.07;"M:1:V"
1324;"Kempten";311.377;2717;0.1;0.51;0.04;"M:4:V"
3066;"Kapoeta";1029.174;4416;0.7;0.83;0.15;"K:3:V"
2812;"Zalzangor";421.9;3002;0.3;0.35;0.08;"M:4:V"
2106;"Radstadt";319.322;3119;0.2;0.31;0.05;"M:4:V"
949;"Giausar";209.521;3385;0.2;0.61;0.02;"M:1:V"
384;"Braum";332.168;2514;0.4;NA;0.06;"M:3:V"
4;"Abagnar";493.649;3628;0.1;0.47;0.02;"M:0:V"
2559;"Togwotee";202.445;3408;0.2;0.61;0.05;"M:2:V"
476;"Carlisle";317.67;2609;0.1;0.28;0.07;"M:5:V"
2448;"Sverdlovsk";387.78;5341;1;1.03;1.07;"G:2:V"
2932;"Dagda";1609.301;2708;0.4;0.08;0.01;"M:2:V"
2502;"Taygeta";356.059;4051;0.6;0.88;0.56;"K:2:V"
979;"Goodna";241.879;5212;1;1.02;1.26;"G:3:V"
1150;"Huesta";433.301;2507;0.3;0.49;NA;"M:5:V"
2341;"Simone";541.312;3899;0.5;0.76;0.55;"K:6:V"
975;"Goito";335.881;4389;0.6;0.87;0.26;"K:3:V"
2421;"Strawn";252.761;4760;0.5;0.86;0.33;"K:2:V"
3059;"Rim Worlds Republic Outpost #27";874.736;2539;0.2;0.55;0.03;"M:2:V"
1273;"Kaesong";302.651;3861;0.7;0.9;0.3;"K:2:V"
1070;"Hazeldean";441.447;2541;0.3;0.52;0.07;"M:6:V"
2394;"St. Robert";434.616;3005;0.1;0.28;0.04;"M:3:V"
2724;"Wasat";58.11;2788;0.3;0.27;0.03;"M:2:V"
2588;"Trondheim";411.701;3334;0.3;0.34;0.04;"M:1:V"
2792;"Yanchep";316.753;2458;0.4;0.2;0.02;"M:3:V"
479;"Carmen";266.01;2895;0.3;0.53;0.03;"M:1:V"
2276;"Semichi";368.655;4278;0.8;0.8;0.21;"K:2:V"
1141;"Howick";466.878;5293;1;1.04;0.77;"G:4:V"
261;"Barras";354.801;4104;0.5;0.95;0.32;"K:3:V"
313;"Beta Regulus";342.028;2467;0.1;0.1;NA;"M:5:V"
451;"Cameron";252.182;2987;0.4;0.12;0.01;"M:3:V"
67;"Algate";497.709;2545;0.1;0.25;0.05;"M:4:V"
615;"Coyle";659.147;4312;0.6;0.84;0.55;"K:3:V"
1041;"Halla";552.862;2836;0.1;0.41;0.04;"M:2:V"
1464;"Latice";293.917;5574;1;1.04;0.89;"G:2:V"
